Store,RW_MAE,SARIMA_MAE,SARIMAX_MAE
S001,654.4090909090909,385.6569893120299,309.41556312132724
S002,431.45454545454544,401.9749127228427,316.9059843402098
S003,373.75454545454545,376.46390594781496,298.8981970316986
S004,420.7090909090909,346.74082390031845,283.18899698705775
S005,971.6181818181818,417.3852762280994,367.40870755457837
