Store,RW_MAE,SARIMA_MAE,SARIMAX_MAE
S001,681.6272727272727,393.8264806740113,327.5363242617909
S002,413.6727272727273,400.7857038160081,317.6650730558505
S003,404.08181818181816,399.071138916729,318.79692074242394
S004,425.5181818181818,365.48075715012106,305.77255321046965
S005,949.8636363636364,414.0096383195099,355.65240681105314
